{
  "hidden_dim": 64,
  "num_layers": 1,
  "dropout": 0.42303687128201356,
  "lr": 0.005949352121328818,
  "batch_size": 128,
  "score": 0.660729741686061
}