{
  "hidden_dim": 128,
  "num_layers": 1,
  "dropout": 0.49066384194925455,
  "lr": 0.002259050607516568,
  "batch_size": 128,
  "score": 0.616098016592495
}