{
  "hidden_dim": 64,
  "num_layers": 2,
  "dropout": 0.14450471665134895,
  "lr": 0.006075999879870354,
  "batch_size": 128,
  "score": 0.5577046076700694
}